code,name,pop
K02000001,UNITED KINGDOM,66796807
K03000001,GREAT BRITAIN,64903140
K04000001,ENGLAND AND WALES,59439840
E92000001,ENGLAND,56286961
E10000002,Buckinghamshire,554080
E12000001,NORTH EAST,2669941
E06000047,County Durham,530094
E06000005,Darlington,106803
E06000001,Hartlepool,93663
E06000002,Middlesbrough,140980
E06000057,Northumberland,322434
E06000003,Redcar and Cleveland,137150
E06000004,Stockton-on-Tees,197348
E11000007,Tyne and Wear (Met County),1141469
E08000037,Gateshead,202055
E08000021,Newcastle upon Tyne,302820
E08000022,North Tyneside,207913
E08000023,South Tyneside,150976
E08000024,Sunderland,277705
E12000002,NORTH WEST,7341196
E06000008,Blackburn with Darwen,149696
E06000009,Blackpool,139446
E06000049,Cheshire East,384152
E06000050,Cheshire West and Chester,343071
E06000006,Halton,129410
E06000007,Warrington,210014
E10000006,Cumbria,500012
E07000026,Allerdale,97761
E07000027,Barrow-in-Furness,67049
E07000028,Carlisle,108678
E07000029,Copeland,68183
E07000030,Eden,53253
E07000031,South Lakeland,105088
E11000001,Greater Manchester (Met County),2835686
E08000001,Bolton,287550
E08000002,Bury,190990
E08000003,Manchester,552858
E08000004,Oldham,237110
E08000005,Rochdale,222412
E08000006,Salford,258834
E08000007,Stockport,293423
E08000008,Tameside,226493
E08000009,Trafford,237354
E08000010,Wigan,328662
E10000017,Lancashire,1219799
E07000117,Burnley,88920
E07000118,Chorley,118216
E07000119,Fylde,80780
E07000120,Hyndburn,81043
E07000121,Lancaster,146038
E07000122,Pendle,92112
E07000123,Preston,143135
E07000124,Ribble Valley,60888
E07000125,Rossendale,71482
E07000126,South Ribble,110788
E07000127,West Lancashire,114306
E07000128,Wyre,112091
E11000002,Merseyside (Met County),1429910
E08000011,Knowsley,150862
E08000012,Liverpool,498042
E08000014,Sefton,276410
E08000013,St. Helens,180585
E08000015,Wirral,324011
E12000003,YORKSHIRE AND THE HUMBER,5502967
E06000011,East Riding of Yorkshire,341173
E06000010,"Kingston upon Hull, City of",259778
E06000012,North East Lincolnshire,159563
E06000013,North Lincolnshire,172292
E06000014,York,210618
E10000023,North Yorkshire,618054
E07000163,Craven,57142
E07000164,Hambleton,91594
E07000165,Harrogate,160831
E07000166,Richmondshire,53730
E07000167,Ryedale,55380
E07000168,Scarborough,108757
E07000169,Selby,90620
E11000003,South Yorkshire (Met County),1409020
E08000016,Barnsley,246866
E08000017,Doncaster,311890
E08000018,Rotherham,265411
E08000019,Sheffield,584853
E11000006,West Yorkshire (Met County),2332469
E08000032,Bradford,539776
E08000033,Calderdale,211455
E08000034,Kirklees,439787
E08000035,Leeds,793139
E08000036,Wakefield,348312
E12000004,EAST MIDLANDS,4835928
E06000015,Derby,257302
E06000016,Leicester,354224
E06000018,Nottingham,332900
E06000017,Rutland,39927
E10000007,Derbyshire,802694
E07000032,Amber Valley,128147
E07000033,Bolsover,80562
E07000034,Chesterfield,104900
E07000035,Derbyshire Dales,72325
E07000036,Erewash,115371
E07000037,High Peak,92666
E07000038,North East Derbyshire,101462
E07000039,South Derbyshire,107261
E10000018,Leicestershire,706155
E07000129,Blaby,101526
E07000130,Charnwood,185851
E07000131,Harborough,93807
E07000132,Hinckley and Bosworth,113136
E07000133,Melton,51209
E07000134,North West Leicestershire,103611
E07000135,Oadby and Wigston,57015
E10000019,Lincolnshire,761224
E07000136,Boston,70173
E07000137,East Lindsey,141727
E07000138,Lincoln,99299
E07000139,North Kesteven,116915
E07000140,South Holland,95019
E07000141,South Kesteven,142424
E07000142,West Lindsey,95667
E10000021,Northamptonshire,753278
E07000150,Corby,72218
E07000151,Daventry,85950
E07000152,East Northamptonshire,94527
E07000153,Kettering,101776
E07000154,Northampton,224610
E07000155,South Northamptonshire,94490
E07000156,Wellingborough,79707
E10000024,Nottinghamshire,828224
E07000170,Ashfield,127918
E07000171,Bassetlaw,117459
E07000172,Broxtowe,114033
E07000173,Gedling,117896
E07000174,Mansfield,109313
E07000175,Newark and Sherwood,122421
E07000176,Rushcliffe,119184
E12000005,WEST MIDLANDS,5934037
E06000019,"Herefordshire, County of",192801
E06000051,Shropshire,323136
E06000021,Stoke-on-Trent,256375
E06000020,Telford and Wrekin,179854
E10000028,Staffordshire,879560
E07000192,Cannock Chase,100762
E07000193,East Staffordshire,119754
E07000194,Lichfield,104756
E07000195,Newcastle-under-Lyme,129441
E07000196,South Staffordshire,112436
E07000197,Stafford,137280
E07000198,Staffordshire Moorlands,98435
E07000199,Tamworth,76696
E10000031,Warwickshire,577933
E07000218,North Warwickshire,65264
E07000219,Nuneaton and Bedworth,129883
E07000220,Rugby,108935
E07000221,Stratford-on-Avon,130098
E07000222,Warwick,143753
E11000005,West Midlands (Met County),2928592
E08000025,Birmingham,1141816
E08000026,Coventry,371521
E08000027,Dudley,321596
E08000028,Sandwell,328450
E08000029,Solihull,216374
E08000030,Walsall,285478
E08000031,Wolverhampton,263357
E10000034,Worcestershire,595786
E07000234,Bromsgrove,99881
E07000235,Malvern Hills,78698
E07000236,Redditch,85261
E07000237,Worcester,101222
E07000238,Wychavon,129433
E07000239,Wyre Forest,101291
E12000006,EAST,6236072
E06000055,Bedford,173292
E06000056,Central Bedfordshire,288648
E06000032,Luton,213052
E06000031,Peterborough,202259
E06000033,Southend-on-Sea,183125
E06000034,Thurrock,174341
E10000003,Cambridgeshire,653537
E07000008,Cambridge,124798
E07000009,East Cambridgeshire,89840
E07000010,Fenland,101850
E07000011,Huntingdonshire,177963
E07000012,South Cambridgeshire,159086
E10000012,Essex,1489189
E07000066,Basildon,187199
E07000067,Braintree,152604
E07000068,Brentwood,77021
E07000069,Castle Point,90376
E07000070,Chelmsford,178388
E07000071,Colchester,194706
E07000072,Epping Forest,131689
E07000073,Harlow,87067
E07000074,Maldon,64926
E07000075,Rochford,87368
E07000076,Tendring,146561
E07000077,Uttlesford,91284
E10000015,Hertfordshire,1189519
E07000095,Broxbourne,97279
E07000096,Dacorum,154763
E07000242,East Hertfordshire,149748
E07000098,Hertsmere,104919
E07000099,North Hertfordshire,133570
E07000240,St Albans,148452
E07000243,Stevenage,87845
E07000102,Three Rivers,93323
E07000103,Watford,96577
E07000241,Welwyn Hatfield,123043
E10000020,Norfolk,907760
E07000143,Breckland,139968
E07000144,Broadland,130783
E07000145,Great Yarmouth,99336
E07000146,King's Lynn and West Norfolk,151383
E07000147,North Norfolk,104837
E07000148,Norwich,140573
E07000149,South Norfolk,140880
E10000029,Suffolk,761350
E07000200,Babergh,92036
E07000244,East Suffolk,249461
E07000202,Ipswich,136913
E07000203,Mid Suffolk,103895
E07000245,West Suffolk,179045
E12000007,LONDON,8961989
E09000007,Camden,270029
E09000001,City of London,9721
E09000012,Hackney,281120
E09000013,Hammersmith and Fulham,185143
E09000014,Haringey,268647
E09000019,Islington,242467
E09000020,Kensington and Chelsea,156129
E09000022,Lambeth,326034
E09000023,Lewisham,305842
E09000025,Newham,353134
E09000028,Southwark,318830
E09000030,Tower Hamlets,324745
E09000032,Wandsworth,329677
E09000033,Westminster,261317
E09000002,Barking and Dagenham,212906
E09000003,Barnet,395869
E09000004,Bexley,248287
E09000005,Brent,329771
E09000006,Bromley,332336
E09000008,Croydon,386710
E09000009,Ealing,341806
E09000010,Enfield,333794
E09000011,Greenwich,287942
E09000015,Harrow,251160
E09000016,Havering,259552
E09000017,Hillingdon,306870
E09000018,Hounslow,271523
E09000021,Kingston upon Thames,177507
E09000024,Merton,206548
E09000026,Redbridge,305222
E09000027,Richmond upon Thames,198019
E09000029,Sutton,206349
E09000031,Waltham Forest,276983
E12000008,SOUTH EAST,9180135
E06000036,Bracknell Forest,122549
E06000043,Brighton and Hove,290885
E06000046,Isle of Wight,141771
E06000035,Medway,278556
E06000042,Milton Keynes,269457
E06000044,Portsmouth,214905
E06000038,Reading,161780
E06000039,Slough,149539
E06000045,Southampton,252520
E06000037,West Berkshire,158450
E06000040,Windsor and Maidenhead,151422
E06000041,Wokingham,171119
E06000060,Buckinghamshire,543973
E10000011,East Sussex,557229
E07000061,Eastbourne,103745
E07000062,Hastings,92661
E07000063,Lewes,103268
E07000064,Rother,96080
E07000065,Wealden,161475
E10000014,Hampshire,1382542
E07000084,Basingstoke and Deane,176582
E07000085,East Hampshire,122308
E07000086,Eastleigh,133584
E07000087,Fareham,116233
E07000088,Gosport,84838
E07000089,Hart,97073
E07000090,Havant,126220
E07000091,New Forest,180086
E07000092,Rushmoor,94599
E07000093,Test Valley,126160
E07000094,Winchester,124859
E10000016,Kent,1581555
E07000105,Ashford,130032
E07000106,Canterbury,165394
E07000107,Dartford,112606
E07000108,Dover,118131
E07000112,Folkestone and Hythe,112996
E07000109,Gravesham,106939
E07000110,Maidstone,171826
E07000111,Sevenoaks,120750
E07000113,Swale,150082
E07000114,Thanet,141922
E07000115,Tonbridge and Malling,132153
E07000116,Tunbridge Wells,118724
E10000025,Oxfordshire,691667
E07000177,Cherwell,150503
E07000178,Oxford,152457
E07000179,South Oxfordshire,142057
E07000180,Vale of White Horse,136007
E07000181,West Oxfordshire,110643
E10000030,Surrey,1196236
E07000207,Elmbridge,136795
E07000208,Epsom and Ewell,80627
E07000209,Guildford,148998
E07000210,Mole Valley,87245
E07000211,Reigate and Banstead,148748
E07000212,Runnymede,89424
E07000213,Spelthorne,99844
E07000214,Surrey Heath,89305
E07000215,Tandridge,88129
E07000216,Waverley,126328
E07000217,Woking,100793
E10000032,West Sussex,863980
E07000223,Adur,64301
E07000224,Arun,160758
E07000225,Chichester,121129
E07000226,Crawley,112409
E07000227,Horsham,143791
E07000228,Mid Sussex,151022
E07000229,Worthing,110570
E12000009,SOUTH WEST,5624696
E06000022,Bath and North East Somerset,193282
E06000058,"Bournemouth, Christchurch and Poole",395331
E06000023,"Bristol, City of",463377
E06000052,Cornwall,569578
E06000059,Dorset,378508
E06000053,Isles of Scilly,2224
E06000024,North Somerset,215052
E06000026,Plymouth,262100
E06000025,South Gloucestershire,285093
E06000030,Swindon,222193
E06000027,Torbay,136264
E06000054,Wiltshire,500024
E10000008,Devon,802375
E07000040,East Devon,146284
E07000041,Exeter,131405
E07000042,Mid Devon,82311
E07000043,North Devon,97145
E07000044,South Hams,87004
E07000045,Teignbridge,134163
E07000046,Torridge,68267
E07000047,West Devon,55796
E10000013,Gloucestershire,637070
E07000078,Cheltenham,116306
E07000079,Cotswold,89862
E07000080,Forest of Dean,86791
E07000081,Gloucester,129128
E07000082,Stroud,119964
E07000083,Tewkesbury,95019
E10000027,Somerset,562225
E07000187,Mendip,115587
E07000188,Sedgemoor,123178
E07000246,Somerset West and Taunton,155115
E07000189,South Somerset,168345
W92000004,WALES,3152879
W06000001,Isle of Anglesey,70043
W06000002,Gwynedd,124560
W06000003,Conwy,117203
W06000004,Denbighshire,95696
W06000005,Flintshire,156100
W06000006,Wrexham,135957
W06000023,Powys,132435
W06000008,Ceredigion,72695
W06000009,Pembrokeshire,125818
W06000010,Carmarthenshire,188771
W06000011,Swansea,246993
W06000012,Neath Port Talbot,143315
W06000013,Bridgend,147049
W06000014,Vale of Glamorgan,133587
W06000015,Cardiff,366903
W06000016,Rhondda Cynon Taf,241264
W06000024,Merthyr Tydfil,60326
W06000018,Caerphilly,181075
W06000019,Blaenau Gwent,69862
W06000020,Torfaen,93961
W06000021,Monmouthshire,94590
W06000022,Newport,154676
S92000003,SCOTLAND,5463300
S12000033,Aberdeen City,228670
S12000034,Aberdeenshire,261210
S12000041,Angus,116200
S12000035,Argyll and Bute,85870
S12000036,City of Edinburgh,524930
S12000005,Clackmannanshire,51540
S12000006,Dumfries and Galloway,148860
S12000042,Dundee City,149320
S12000008,East Ayrshire,122010
S12000045,East Dunbartonshire,108640
S12000010,East Lothian,107090
S12000011,East Renfrewshire,95530
S12000014,Falkirk,160890
S12000047,Fife,373550
S12000049,Glasgow City,633120
S12000017,Highland,235830
S12000018,Inverclyde,77800
S12000019,Midlothian,92460
S12000020,Moray,95820
S12000013,Na h-Eileanan Siar,26720
S12000021,North Ayrshire,134740
S12000050,North Lanarkshire,341370
S12000023,Orkney Islands,22270
S12000048,Perth and Kinross,151950
S12000038,Renfrewshire,179100
S12000026,Scottish Borders,115510
S12000027,Shetland Islands,22920
S12000028,South Ayrshire,112610
S12000029,South Lanarkshire,320530
S12000030,Stirling,94210
S12000039,West Dunbartonshire,88930
S12000040,West Lothian,183100
N92000002,NORTHERN IRELAND,1893667
N09000001,Antrim and Newtownabbey,143504
N09000011,Ards and North Down,161725
N09000002,"Armagh City, Banbridge and Craigavon",216205
N09000003,Belfast,343542
N09000004,Causeway Coast and Glens,144838
N09000005,Derry City and Strabane,151284
N09000006,Fermanagh and Omagh,117397
N09000007,Lisburn and Castlereagh,146002
N09000008,Mid and East Antrim,139274
N09000009,Mid Ulster,148528
N09000010,"Newry, Mourne and Down",181368
,,
,,
"1. Further information, on how the different tiers of administrative geography in the United Kingdom fit together, is given in the ""Admin. geography hierarchy"" tab and in Note 4 in the ""Notes and definitions"" tab.",,
